{
    "psnr": {
        "sample": [
            [
                13.678934097290039
            ],
            [
                11.982173919677734
            ],
            [
                19.716588973999023
            ],
            [
                13.220399856567383
            ],
            [
                27.392505645751953
            ],
            [
                25.31475830078125
            ],
            [
                13.388980865478516
            ],
            [
                26.804086685180664
            ],
            [
                11.561859130859375
            ],
            [
                27.097213745117188
            ],
            [
                13.927956581115723
            ],
            [
                14.98136043548584
            ],
            [
                13.712910652160645
            ],
            [
                14.085916519165039
            ],
            [
                11.59049129486084
            ],
            [
                8.073626518249512
            ],
            [
                12.665501594543457
            ],
            [
                27.104759216308594
            ],
            [
                13.18049430847168
            ],
            [
                13.231182098388672
            ]
        ],
        "mean": [
            13.678934097290039,
            11.982173919677734,
            19.716588973999023,
            13.220399856567383,
            27.392505645751953,
            25.31475830078125,
            13.388980865478516,
            26.804086685180664,
            11.561859130859375,
            27.097213745117188,
            13.927956581115723,
            14.98136043548584,
            13.712910652160645,
            14.085916519165039,
            11.59049129486084,
            8.073626518249512,
            12.665501594543457,
            27.104759216308594,
            13.18049430847168,
            13.231182098388672
        ],
        "std": [
            0.0,
            0.0,
            0.0,
            0.0,
            0.0,
            0.0,
            0.0,
            0.0,
            0.0,
            0.0,
            0.0,
            0.0,
            0.0,
            0.0,
            0.0,
            0.0,
            0.0,
            0.0,
            0.0,
            0.0
        ],
        "max": [
            13.678934097290039,
            11.982173919677734,
            19.716588973999023,
            13.220399856567383,
            27.392505645751953,
            25.31475830078125,
            13.388980865478516,
            26.804086685180664,
            11.561859130859375,
            27.097213745117188,
            13.927956581115723,
            14.98136043548584,
            13.712910652160645,
            14.085916519165039,
            11.59049129486084,
            8.073626518249512,
            12.665501594543457,
            27.104759216308594,
            13.18049430847168,
            13.231182098388672
        ],
        "min": [
            13.678934097290039,
            11.982173919677734,
            19.716588973999023,
            13.220399856567383,
            27.392505645751953,
            25.31475830078125,
            13.388980865478516,
            26.804086685180664,
            11.561859130859375,
            27.097213745117188,
            13.927956581115723,
            14.98136043548584,
            13.712910652160645,
            14.085916519165039,
            11.59049129486084,
            8.073626518249512,
            12.665501594543457,
            27.104759216308594,
            13.18049430847168,
            13.231182098388672
        ]
    }
}