{
  "total_wall_sec": 797.5270743463188,
  "per_image_sec": 39.87635371731594,
  "ode_steps": 5,
  "anneal_steps_cfg": 200,
  "used_anneal_steps": 200
}