{
    "psnr": {
        "sample": [
            [
                11.673099517822266
            ],
            [
                9.079580307006836
            ],
            [
                23.648958206176758
            ],
            [
                13.199406623840332
            ],
            [
                18.2547664642334
            ],
            [
                12.699470520019531
            ],
            [
                14.138410568237305
            ],
            [
                26.496288299560547
            ],
            [
                11.192832946777344
            ],
            [
                27.341053009033203
            ],
            [
                14.194960594177246
            ],
            [
                15.324994087219238
            ],
            [
                15.898093223571777
            ],
            [
                15.229982376098633
            ],
            [
                14.400010108947754
            ],
            [
                7.979355812072754
            ],
            [
                12.550603866577148
            ],
            [
                27.403331756591797
            ],
            [
                13.275524139404297
            ],
            [
                17.702754974365234
            ]
        ],
        "mean": [
            11.673099517822266,
            9.079580307006836,
            23.648958206176758,
            13.199406623840332,
            18.2547664642334,
            12.699470520019531,
            14.138410568237305,
            26.496288299560547,
            11.192832946777344,
            27.341053009033203,
            14.194960594177246,
            15.324994087219238,
            15.898093223571777,
            15.229982376098633,
            14.400010108947754,
            7.979355812072754,
            12.550603866577148,
            27.403331756591797,
            13.275524139404297,
            17.702754974365234
        ],
        "std": [
            0.0,
            0.0,
            0.0,
            0.0,
            0.0,
            0.0,
            0.0,
            0.0,
            0.0,
            0.0,
            0.0,
            0.0,
            0.0,
            0.0,
            0.0,
            0.0,
            0.0,
            0.0,
            0.0,
            0.0
        ],
        "max": [
            11.673099517822266,
            9.079580307006836,
            23.648958206176758,
            13.199406623840332,
            18.2547664642334,
            12.699470520019531,
            14.138410568237305,
            26.496288299560547,
            11.192832946777344,
            27.341053009033203,
            14.194960594177246,
            15.324994087219238,
            15.898093223571777,
            15.229982376098633,
            14.400010108947754,
            7.979355812072754,
            12.550603866577148,
            27.403331756591797,
            13.275524139404297,
            17.702754974365234
        ],
        "min": [
            11.673099517822266,
            9.079580307006836,
            23.648958206176758,
            13.199406623840332,
            18.2547664642334,
            12.699470520019531,
            14.138410568237305,
            26.496288299560547,
            11.192832946777344,
            27.341053009033203,
            14.194960594177246,
            15.324994087219238,
            15.898093223571777,
            15.229982376098633,
            14.400010108947754,
            7.979355812072754,
            12.550603866577148,
            27.403331756591797,
            13.275524139404297,
            17.702754974365234
        ]
    }
}