{
  "total_wall_sec": 797.824662188068,
  "per_image_sec": 39.8912331094034,
  "ode_steps": 5,
  "anneal_steps_cfg": 200,
  "used_anneal_steps": 200
}