{
    "psnr": {
        "sample": [
            [
                13.682764053344727
            ],
            [
                11.97715950012207
            ],
            [
                19.768238067626953
            ],
            [
                13.229532241821289
            ],
            [
                27.472904205322266
            ],
            [
                25.433137893676758
            ],
            [
                13.376341819763184
            ],
            [
                26.877172470092773
            ],
            [
                11.553345680236816
            ],
            [
                27.17686653137207
            ],
            [
                13.917543411254883
            ],
            [
                14.953454971313477
            ],
            [
                13.691181182861328
            ],
            [
                14.081216812133789
            ],
            [
                11.587230682373047
            ],
            [
                8.073278427124023
            ],
            [
                12.65778923034668
            ],
            [
                27.161787033081055
            ],
            [
                13.180574417114258
            ],
            [
                13.223373413085938
            ]
        ],
        "mean": [
            13.682764053344727,
            11.97715950012207,
            19.768238067626953,
            13.229532241821289,
            27.472904205322266,
            25.433137893676758,
            13.376341819763184,
            26.877172470092773,
            11.553345680236816,
            27.17686653137207,
            13.917543411254883,
            14.953454971313477,
            13.691181182861328,
            14.081216812133789,
            11.587230682373047,
            8.073278427124023,
            12.65778923034668,
            27.161787033081055,
            13.180574417114258,
            13.223373413085938
        ],
        "std": [
            0.0,
            0.0,
            0.0,
            0.0,
            0.0,
            0.0,
            0.0,
            0.0,
            0.0,
            0.0,
            0.0,
            0.0,
            0.0,
            0.0,
            0.0,
            0.0,
            0.0,
            0.0,
            0.0,
            0.0
        ],
        "max": [
            13.682764053344727,
            11.97715950012207,
            19.768238067626953,
            13.229532241821289,
            27.472904205322266,
            25.433137893676758,
            13.376341819763184,
            26.877172470092773,
            11.553345680236816,
            27.17686653137207,
            13.917543411254883,
            14.953454971313477,
            13.691181182861328,
            14.081216812133789,
            11.587230682373047,
            8.073278427124023,
            12.65778923034668,
            27.161787033081055,
            13.180574417114258,
            13.223373413085938
        ],
        "min": [
            13.682764053344727,
            11.97715950012207,
            19.768238067626953,
            13.229532241821289,
            27.472904205322266,
            25.433137893676758,
            13.376341819763184,
            26.877172470092773,
            11.553345680236816,
            27.17686653137207,
            13.917543411254883,
            14.953454971313477,
            13.691181182861328,
            14.081216812133789,
            11.587230682373047,
            8.073278427124023,
            12.65778923034668,
            27.161787033081055,
            13.180574417114258,
            13.223373413085938
        ]
    },
    "ssim": {
        "sample": [
            [
                0.28094542026519775
            ],
            [
                0.1944633424282074
            ],
            [
                0.45374155044555664
            ],
            [
                0.242244690656662
            ],
            [
                0.6842466592788696
            ],
            [
                0.5908405780792236
            ],
            [
                0.2251453995704651
            ],
            [
                0.5893423557281494
            ],
            [
                0.19911698997020721
            ],
            [
                0.6711227297782898
            ],
            [
                0.30975329875946045
            ],
            [
                0.24945560097694397
            ],
            [
                0.184036523103714
            ],
            [
                0.2741350531578064
            ],
            [
                0.3510071039199829
            ],
            [
                0.16038338840007782
            ],
            [
                0.35348281264305115
            ],
            [
                0.6456856727600098
            ],
            [
                0.24203583598136902
            ],
            [
                0.22996966540813446
            ]
        ],
        "mean": [
            0.28094542026519775,
            0.1944633424282074,
            0.45374155044555664,
            0.242244690656662,
            0.6842466592788696,
            0.5908405780792236,
            0.2251453995704651,
            0.5893423557281494,
            0.19911698997020721,
            0.6711227297782898,
            0.30975329875946045,
            0.24945560097694397,
            0.184036523103714,
            0.2741350531578064,
            0.3510071039199829,
            0.16038338840007782,
            0.35348281264305115,
            0.6456856727600098,
            0.24203583598136902,
            0.22996966540813446
        ],
        "std": [
            0.0,
            0.0,
            0.0,
            0.0,
            0.0,
            0.0,
            0.0,
            0.0,
            0.0,
            0.0,
            0.0,
            0.0,
            0.0,
            0.0,
            0.0,
            0.0,
            0.0,
            0.0,
            0.0,
            0.0
        ],
        "max": [
            0.28094542026519775,
            0.1944633424282074,
            0.45374155044555664,
            0.242244690656662,
            0.6842466592788696,
            0.5908405780792236,
            0.2251453995704651,
            0.5893423557281494,
            0.19911698997020721,
            0.6711227297782898,
            0.30975329875946045,
            0.24945560097694397,
            0.184036523103714,
            0.2741350531578064,
            0.3510071039199829,
            0.16038338840007782,
            0.35348281264305115,
            0.6456856727600098,
            0.24203583598136902,
            0.22996966540813446
        ],
        "min": [
            0.28094542026519775,
            0.1944633424282074,
            0.45374155044555664,
            0.242244690656662,
            0.6842466592788696,
            0.5908405780792236,
            0.2251453995704651,
            0.5893423557281494,
            0.19911698997020721,
            0.6711227297782898,
            0.30975329875946045,
            0.24945560097694397,
            0.184036523103714,
            0.2741350531578064,
            0.3510071039199829,
            0.16038338840007782,
            0.35348281264305115,
            0.6456856727600098,
            0.24203583598136902,
            0.22996966540813446
        ]
    },