{
    "psnr": {
        "sample": [
            [
                30.66362190246582,
                30.427234649658203,
                30.714954376220703,
                30.72274398803711
            ],
            [
                17.946924209594727,
                29.585994720458984,
                29.794883728027344,
                30.038816452026367
            ],
            [
                31.057289123535156,
                30.912033081054688,
                30.77979278564453,
                30.76096534729004
            ],
            [
                30.966079711914062,
                31.046051025390625,
                30.90937614440918,
                30.955913543701172
            ],
            [
                28.808921813964844,
                19.021909713745117,
                28.679868698120117,
                18.943660736083984
            ],
            [
                17.386844635009766,
                9.04684066772461,
                10.98733901977539,
                9.320499420166016
            ],
            [
                30.826610565185547,
                30.799463272094727,
                9.42253303527832,
                9.50850772857666
            ],
            [
                10.237455368041992,
                10.343276977539062,
                11.231721878051758,
                29.199657440185547
            ],
            [
                30.410831451416016,
                30.34954833984375,
                30.432252883911133,
                10.882120132446289
            ],
            [
                31.026601791381836,
                30.925865173339844,
                31.075950622558594,
                7.85184383392334
            ]
        ],
        "mean": [
            30.63214111328125,
            26.841655731201172,
            30.877519607543945,
            30.969356536865234,
            23.863590240478516,
            11.685380935668945,
            20.139278411865234,
            15.25302791595459,
            25.518688201904297,
            25.22006607055664
        ],
        "std": [
            0.13909803330898285,
            5.9327073097229,
            0.1374090015888214,
            0.05677757039666176,
            5.636206150054932,
            3.8965158462524414,
            12.32504940032959,
            9.308436393737793,
            9.75777530670166,
            11.578983306884766
        ],
        "max": [
            30.72274398803711,
            30.038816452026367,
            31.057289123535156,
            31.046051025390625,
            28.808921813964844,
            17.386844635009766,
            30.826610565185547,
            29.199657440185547,
            30.432252883911133,
            31.075950622558594
        ],
        "min": [
            30.427234649658203,
            17.946924209594727,
            30.76096534729004,
            30.90937614440918,
            18.943660736083984,
            9.04684066772461,
            9.42253303527832,
            10.237455368041992,
            10.882120132446289,
            7.85184383392334
        ]
    },
    "ssim": {
        "sample": [
            [
                0.7770022749900818,
                0.7717158198356628,
                0.7738069295883179,
                0.778469979763031
            ],
            [
                0.5764442682266235,
                0.7710483074188232,
                0.7702263593673706,
                0.7799503803253174
            ],
            [
                0.7771386504173279,
                0.7741183042526245,
                0.7723612785339355,
                0.7717834711074829
            ],
            [
                0.7976260185241699,
                0.7960710525512695,
                0.7936679720878601,
                0.7936307787895203
            ],
            [
                0.7854236364364624,
                0.6706269979476929,
                0.7822521924972534,
                0.6703395843505859
            ],
            [
                0.6374611854553223,
                0.24986545741558075,
                0.35692131519317627,
                0.23707245290279388
            ],
            [
                0.7900786399841309,
                0.793207585811615,
                0.2836466431617737,
                0.28772348165512085
            ],
            [
                0.1421424001455307,
                0.14923089742660522,
                0.18064527213573456,
                0.7578248977661133
            ],
            [
                0.756438672542572,
                0.755535364151001,
                0.7604221105575562,
                0.33655399084091187
            ],
            [
                0.8196525573730469,
                0.8174289464950562,
                0.8222143650054932,
                0.2678908407688141
            ]
        ],
        "mean": [
            0.7752487659454346,
            0.7244173288345337,
            0.7738504409790039,
            0.7952489852905273,
            0.7271605730056763,
            0.3703300952911377,
            0.5386641025543213,
            0.30746087431907654,
            0.6522375345230103,
            0.681796669960022
        ],
        "std": [
            0.0030556777492165565,
            0.09874692559242249,
            0.002406539162620902,
            0.0019531571306288242,
            0.06545823067426682,
            0.18601804971694946,
            0.2921225428581238,
            0.300708532333374,
            0.2104663848876953,
            0.27594414353370667
        ],
        "max": [
            0.778469979763031,
            0.7799503803253174,
            0.7771386504173279,
            0.7976260185241699,
            0.7854236364364624,
            0.6374611854553223,
            0.793207585811615,
            0.7578248977661133,
            0.7604221105575562,
            0.8222143650054932
        ],
        "min": [
            0.7717158198356628,
            0.5764442682266235,
            0.7717834711074829,
            0.7936307787895203,
            0.6703395843505859,
            0.23707245290279388,
            0.2836466431617737,
            0.1421424001455307,
            0.33655399084091187,
            0.2678908407688141
        ]
    },