{
    "psnr": {
        "sample": [
            [
                13.682764053344727
            ],
            [
                11.97715950012207
            ],
            [
                19.768238067626953
            ],
            [
                13.229532241821289
            ],
            [
                27.472904205322266
            ],
            [
                25.433137893676758
            ],
            [
                13.376341819763184
            ],
            [
                26.877172470092773
            ],
            [
                11.553345680236816
            ],
            [
                27.17686653137207
            ],
            [
                13.917543411254883
            ],
            [
                14.953454971313477
            ],
            [
                13.691181182861328
            ],
            [
                14.081216812133789
            ],
            [
                11.587230682373047
            ],
            [
                8.073278427124023
            ],
            [
                12.65778923034668
            ],
            [
                27.161787033081055
            ],
            [
                13.180574417114258
            ],
            [
                13.223373413085938
            ]
        ],
        "mean": [
            13.682764053344727,
            11.97715950012207,
            19.768238067626953,
            13.229532241821289,
            27.472904205322266,
            25.433137893676758,
            13.376341819763184,
            26.877172470092773,
            11.553345680236816,
            27.17686653137207,
            13.917543411254883,
            14.953454971313477,
            13.691181182861328,
            14.081216812133789,
            11.587230682373047,
            8.073278427124023,
            12.65778923034668,
            27.161787033081055,
            13.180574417114258,
            13.223373413085938
        ],
        "std": [
            0.0,
            0.0,
            0.0,
            0.0,
            0.0,
            0.0,
            0.0,
            0.0,
            0.0,
            0.0,
            0.0,
            0.0,
            0.0,
            0.0,
            0.0,
            0.0,
            0.0,
            0.0,
            0.0,
            0.0
        ],
        "max": [
            13.682764053344727,
            11.97715950012207,
            19.768238067626953,
            13.229532241821289,
            27.472904205322266,
            25.433137893676758,
            13.376341819763184,
            26.877172470092773,
            11.553345680236816,
            27.17686653137207,
            13.917543411254883,
            14.953454971313477,
            13.691181182861328,
            14.081216812133789,
            11.587230682373047,
            8.073278427124023,
            12.65778923034668,
            27.161787033081055,
            13.180574417114258,
            13.223373413085938
        ],
        "min": [
            13.682764053344727,
            11.97715950012207,
            19.768238067626953,
            13.229532241821289,
            27.472904205322266,
            25.433137893676758,
            13.376341819763184,
            26.877172470092773,
            11.553345680236816,
            27.17686653137207,
            13.917543411254883,
            14.953454971313477,
            13.691181182861328,
            14.081216812133789,
            11.587230682373047,
            8.073278427124023,
            12.65778923034668,
            27.161787033081055,
            13.180574417114258,
            13.223373413085938
        ]
    }
}