{
    "psnr": {
        "sample": [
            [
                11.676359176635742
            ],
            [
                9.082115173339844
            ],
            [
                23.737506866455078
            ],
            [
                13.193918228149414
            ],
            [
                18.259679794311523
            ],
            [
                12.701059341430664
            ],
            [
                14.13932991027832
            ],
            [
                26.56280517578125
            ],
            [
                11.191879272460938
            ],
            [
                27.34862518310547
            ],
            [
                14.185528755187988
            ],
            [
                15.314531326293945
            ],
            [
                15.896308898925781
            ],
            [
                15.241761207580566
            ],
            [
                14.397289276123047
            ],
            [
                7.978982448577881
            ],
            [
                12.547386169433594
            ],
            [
                27.44207000732422
            ],
            [
                13.274683952331543
            ],
            [
                17.687286376953125
            ]
        ],
        "mean": [
            11.676359176635742,
            9.082115173339844,
            23.737506866455078,
            13.193918228149414,
            18.259679794311523,
            12.701059341430664,
            14.13932991027832,
            26.56280517578125,
            11.191879272460938,
            27.34862518310547,
            14.185528755187988,
            15.314531326293945,
            15.896308898925781,
            15.241761207580566,
            14.397289276123047,
            7.978982448577881,
            12.547386169433594,
            27.44207000732422,
            13.274683952331543,
            17.687286376953125
        ],
        "std": [
            0.0,
            0.0,
            0.0,
            0.0,
            0.0,
            0.0,
            0.0,
            0.0,
            0.0,
            0.0,
            0.0,
            0.0,
            0.0,
            0.0,
            0.0,
            0.0,
            0.0,
            0.0,
            0.0,
            0.0
        ],
        "max": [
            11.676359176635742,
            9.082115173339844,
            23.737506866455078,
            13.193918228149414,
            18.259679794311523,
            12.701059341430664,
            14.13932991027832,
            26.56280517578125,
            11.191879272460938,
            27.34862518310547,
            14.185528755187988,
            15.314531326293945,
            15.896308898925781,
            15.241761207580566,
            14.397289276123047,
            7.978982448577881,
            12.547386169433594,
            27.44207000732422,
            13.274683952331543,
            17.687286376953125
        ],
        "min": [
            11.676359176635742,
            9.082115173339844,
            23.737506866455078,
            13.193918228149414,
            18.259679794311523,
            12.701059341430664,
            14.13932991027832,
            26.56280517578125,
            11.191879272460938,
            27.34862518310547,
            14.185528755187988,
            15.314531326293945,
            15.896308898925781,
            15.241761207580566,
            14.397289276123047,
            7.978982448577881,
            12.547386169433594,
            27.44207000732422,
            13.274683952331543,
            17.687286376953125
        ]
    }
}