{
  "total_wall_sec": 797.8862439598888,
  "per_image_sec": 39.89431219799444,
  "ode_steps": 5,
  "anneal_steps_cfg": 200,
  "used_anneal_steps": 200
}