{
    "psnr": {
        "sample": [
            [
                17.540119171142578
            ],
            [
                9.413812637329102
            ],
            [
                8.468951225280762
            ],
            [
                12.47729206085205
            ]
        ],
        "mean": [
            17.540119171142578,
            9.413812637329102,
            8.468951225280762,
            12.47729206085205
        ],
        "std": [
            0.0,
            0.0,
            0.0,
            0.0
        ],
        "max": [
            17.540119171142578,
            9.413812637329102,
            8.468951225280762,
            12.47729206085205
        ],
        "min": [
            17.540119171142578,
            9.413812637329102,
            8.468951225280762,
            12.47729206085205
        ]
    }
}