{
    "psnr": {
        "sample": [
            [
                13.717430114746094
            ],
            [
                12.001874923706055
            ],
            [
                20.628276824951172
            ],
            [
                13.292655944824219
            ],
            [
                31.28858184814453
            ],
            [
                29.068510055541992
            ],
            [
                13.450689315795898
            ],
            [
                29.970813751220703
            ],
            [
                11.604524612426758
            ],
            [
                30.532928466796875
            ],
            [
                14.104117393493652
            ],
            [
                14.976686477661133
            ],
            [
                13.767789840698242
            ],
            [
                14.518009185791016
            ],
            [
                11.76501750946045
            ],
            [
                8.031576156616211
            ],
            [
                12.741561889648438
            ],
            [
                30.8494873046875
            ],
            [
                13.253931045532227
            ],
            [
                13.149129867553711
            ]
        ],
        "mean": [
            13.717430114746094,
            12.001874923706055,
            20.628276824951172,
            13.292655944824219,
            31.28858184814453,
            29.068510055541992,
            13.450689315795898,
            29.970813751220703,
            11.604524612426758,
            30.532928466796875,
            14.104117393493652,
            14.976686477661133,
            13.767789840698242,
            14.518009185791016,
            11.76501750946045,
            8.031576156616211,
            12.741561889648438,
            30.8494873046875,
            13.253931045532227,
            13.149129867553711
        ],
        "std": [
            0.0,
            0.0,
            0.0,
            0.0,
            0.0,
            0.0,
            0.0,
            0.0,
            0.0,
            0.0,
            0.0,
            0.0,
            0.0,
            0.0,
            0.0,
            0.0,
            0.0,
            0.0,
            0.0,
            0.0
        ],
        "max": [
            13.717430114746094,
            12.001874923706055,
            20.628276824951172,
            13.292655944824219,
            31.28858184814453,
            29.068510055541992,
            13.450689315795898,
            29.970813751220703,
            11.604524612426758,
            30.532928466796875,
            14.104117393493652,
            14.976686477661133,
            13.767789840698242,
            14.518009185791016,
            11.76501750946045,
            8.031576156616211,
            12.741561889648438,
            30.8494873046875,
            13.253931045532227,
            13.149129867553711
        ],
        "min": [
            13.717430114746094,
            12.001874923706055,
            20.628276824951172,
            13.292655944824219,
            31.28858184814453,
            29.068510055541992,
            13.450689315795898,
            29.970813751220703,
            11.604524612426758,
            30.532928466796875,
            14.104117393493652,
            14.976686477661133,
            13.767789840698242,
            14.518009185791016,
            11.76501750946045,
            8.031576156616211,
            12.741561889648438,
            30.8494873046875,
            13.253931045532227,
            13.149129867553711
        ]
    }
}