{
    "psnr": {
        "sample": [
            [
                24.898052215576172,
                24.81875228881836,
                24.905784606933594,
                24.921064376831055
            ],
            [
                24.147472381591797,
                24.689476013183594,
                24.777587890625,
                24.829811096191406
            ],
            [
                24.807024002075195,
                24.770204544067383,
                24.757654190063477,
                24.729097366333008
            ],
            [
                25.04410743713379,
                25.066205978393555,
                25.015666961669922,
                25.035200119018555
            ],
            [
                24.23050308227539,
                18.31669807434082,
                24.17770004272461,
                18.2883243560791
            ],
            [
                24.765819549560547,
                8.974611282348633,
                10.896505355834961,
                9.249579429626465
            ],
            [
                9.167940139770508,
                24.880239486694336,
                9.387843132019043,
                9.47297191619873
            ],
            [
                10.20719051361084,
                10.299468994140625,
                9.652213096618652,
                24.643444061279297
            ],
            [
                10.612181663513184,
                24.90572166442871,
                24.924312591552734,
                10.311349868774414
            ],
            [
                7.882056713104248,
                24.951736450195312,
                25.00615119934082,
                7.82688570022583
            ]
        ],
        "mean": [
            24.885913848876953,
            24.611085891723633,
            24.765995025634766,
            25.040294647216797,
            21.253305435180664,
            13.471630096435547,
            13.227249145507812,
            13.700579643249512,
            17.688390731811523,
            16.41670799255371
        ],
        "std": [
            0.045784205198287964,
            0.31445515155792236,
            0.03231152519583702,
            0.020963452756404877,
            3.4073727130889893,
            7.577133655548096,
            7.769723415374756,
            7.300841808319092,
            8.34549617767334,
            9.886869430541992
        ],
        "max": [
            24.921064376831055,
            24.829811096191406,
            24.807024002075195,
            25.066205978393555,
            24.23050308227539,
            24.765819549560547,
            24.880239486694336,
            24.643444061279297,
            24.924312591552734,
            25.00615119934082
        ],
        "min": [
            24.81875228881836,
            24.147472381591797,
            24.729097366333008,
            25.015666961669922,
            18.2883243560791,
            8.974611282348633,
            9.167940139770508,
            9.652213096618652,
            10.311349868774414,
            7.82688570022583
        ]
    },
    "ssim": {
        "sample": [
            [
                0.4302572011947632,
                0.42692887783050537,
                0.4277186393737793,
                0.430175244808197
            ],
            [
                0.4507126808166504,
                0.47930777072906494,
                0.4806799292564392,
                0.4866580367088318
            ],
            [
                0.4106750190258026,
                0.4092038571834564,
                0.4084320068359375,
                0.40793436765670776
            ],
            [
                0.4730759561061859,
                0.4721522331237793,
                0.4714747369289398,
                0.4702572226524353
            ],
            [
                0.5272140502929688,
                0.4748760163784027,
                0.5249478816986084,
                0.47656911611557007
            ],
            [
                0.450899600982666,
                0.12213344871997833,
                0.22561179101467133,
                0.12633173167705536
            ],
            [
                0.15203358232975006,
                0.45873135328292847,
                0.15892118215560913,
                0.16727831959724426
            ],
            [
                0.08304855227470398,
                0.08735248446464539,
                0.07575713098049164,
                0.45769625902175903
            ],
            [
                0.21325747668743134,
                0.4341503381729126,
                0.43598049879074097,
                0.2029028832912445
            ],
            [
                0.1463317722082138,
                0.48628684878349304,
                0.49058645963668823,
                0.1375328004360199
            ]
        ],
        "mean": [
            0.4287700057029724,
            0.4743396043777466,
            0.4090613126754761,
            0.47174006700515747,
            0.5009017586708069,
            0.23124414682388306,
            0.23424109816551208,
            0.1759636104106903,
            0.32157281041145325,
            0.31518447399139404
        ],
        "std": [
            0.0017011340241879225,
            0.016071274876594543,
            0.001195891760289669,
            0.0011865507112815976,
            0.02909737080335617,
            0.15404760837554932,
            0.1497899293899536,
            0.18788273632526398,
            0.13112027943134308,
            0.2000943422317505
        ],
        "max": [
            0.4302572011947632,
            0.4866580367088318,
            0.4106750190258026,
            0.4730759561061859,
            0.5272140502929688,
            0.450899600982666,
            0.45873135328292847,
            0.45769625902175903,
            0.43598049879074097,
            0.49058645963668823
        ],
        "min": [
            0.42692887783050537,
            0.4507126808166504,
            0.40793436765670776,
            0.4702572226524353,
            0.4748760163784027,
            0.12213344871997833,
            0.15203358232975006,
            0.07575713098049164,
            0.2029028832912445,
            0.1375328004360199
        ]
    },