{
  "total_wall_sec": 810.21276701428,
  "per_image_sec": 40.510638350714,
  "ode_steps": 5,
  "anneal_steps_cfg": 200,
  "used_anneal_steps": 200
}