{
    "psnr": {
        "sample": [
            [
                15.042879104614258
            ],
            [
                29.344388961791992
            ],
            [
                25.487871170043945
            ],
            [
                9.832923889160156
            ],
            [
                30.67220687866211
            ],
            [
                25.793115615844727
            ],
            [
                16.29167366027832
            ],
            [
                29.237079620361328
            ],
            [
                12.755266189575195
            ],
            [
                29.608991622924805
            ],
            [
                12.170841217041016
            ],
            [
                14.947577476501465
            ],
            [
                14.338052749633789
            ],
            [
                13.633275985717773
            ],
            [
                12.300281524658203
            ],
            [
                8.350699424743652
            ],
            [
                12.65463638305664
            ],
            [
                17.156288146972656
            ],
            [
                12.932368278503418
            ],
            [
                11.36841869354248
            ]
        ],
        "mean": [
            15.042879104614258,
            29.344388961791992,
            25.487871170043945,
            9.832923889160156,
            30.67220687866211,
            25.793115615844727,
            16.29167366027832,
            29.237079620361328,
            12.755266189575195,
            29.608991622924805,
            12.170841217041016,
            14.947577476501465,
            14.338052749633789,
            13.633275985717773,
            12.300281524658203,
            8.350699424743652,
            12.65463638305664,
            17.156288146972656,
            12.932368278503418,
            11.36841869354248
        ],
        "std": [
            0.0,
            0.0,
            0.0,
            0.0,
            0.0,
            0.0,
            0.0,
            0.0,
            0.0,
            0.0,
            0.0,
            0.0,
            0.0,
            0.0,
            0.0,
            0.0,
            0.0,
            0.0,
            0.0,
            0.0
        ],
        "max": [
            15.042879104614258,
            29.344388961791992,
            25.487871170043945,
            9.832923889160156,
            30.67220687866211,
            25.793115615844727,
            16.29167366027832,
            29.237079620361328,
            12.755266189575195,
            29.608991622924805,
            12.170841217041016,
            14.947577476501465,
            14.338052749633789,
            13.633275985717773,
            12.300281524658203,
            8.350699424743652,
            12.65463638305664,
            17.156288146972656,
            12.932368278503418,
            11.36841869354248
        ],
        "min": [
            15.042879104614258,
            29.344388961791992,
            25.487871170043945,
            9.832923889160156,
            30.67220687866211,
            25.793115615844727,
            16.29167366027832,
            29.237079620361328,
            12.755266189575195,
            29.608991622924805,
            12.170841217041016,
            14.947577476501465,
            14.338052749633789,
            13.633275985717773,
            12.300281524658203,
            8.350699424743652,
            12.65463638305664,
            17.156288146972656,
            12.932368278503418,
            11.36841869354248
        ]
    }
}