{
    "psnr": {
        "sample": [
            [
                10.359546661376953
            ],
            [
                11.739748001098633
            ],
            [
                10.070598602294922
            ],
            [
                9.915181159973145
            ]
        ],
        "mean": [
            10.359546661376953,
            11.739748001098633,
            10.070598602294922,
            9.915181159973145
        ],
        "std": [
            0.0,
            0.0,
            0.0,
            0.0
        ],
        "max": [
            10.359546661376953,
            11.739748001098633,
            10.070598602294922,
            9.915181159973145
        ],
        "min": [
            10.359546661376953,
            11.739748001098633,
            10.070598602294922,
            9.915181159973145
        ]
    }
}