{
    "psnr": {
        "sample": [
            [
                13.274683952331543
            ],
            [
                11.033960342407227
            ],
            [
                17.116796493530273
            ],
            [
                14.859064102172852
            ],
            [
                27.312440872192383
            ],
            [
                13.225105285644531
            ],
            [
                13.031238555908203
            ],
            [
                25.983070373535156
            ],
            [
                11.617410659790039
            ],
            [
                27.064838409423828
            ],
            [
                14.306417465209961
            ],
            [
                16.080238342285156
            ],
            [
                15.824923515319824
            ],
            [
                16.350954055786133
            ],
            [
                19.375263214111328
            ],
            [
                7.952651500701904
            ],
            [
                12.701362609863281
            ],
            [
                27.269020080566406
            ],
            [
                13.638208389282227
            ],
            [
                17.014015197753906
            ]
        ],
        "mean": [
            13.274683952331543,
            11.033960342407227,
            17.116796493530273,
            14.859064102172852,
            27.312440872192383,
            13.225105285644531,
            13.031238555908203,
            25.983070373535156,
            11.617410659790039,
            27.064838409423828,
            14.306417465209961,
            16.080238342285156,
            15.824923515319824,
            16.350954055786133,
            19.375263214111328,
            7.952651500701904,
            12.701362609863281,
            27.269020080566406,
            13.638208389282227,
            17.014015197753906
        ],
        "std": [
            0.0,
            0.0,
            0.0,
            0.0,
            0.0,
            0.0,
            0.0,
            0.0,
            0.0,
            0.0,
            0.0,
            0.0,
            0.0,
            0.0,
            0.0,
            0.0,
            0.0,
            0.0,
            0.0,
            0.0
        ],
        "max": [
            13.274683952331543,
            11.033960342407227,
            17.116796493530273,
            14.859064102172852,
            27.312440872192383,
            13.225105285644531,
            13.031238555908203,
            25.983070373535156,
            11.617410659790039,
            27.064838409423828,
            14.306417465209961,
            16.080238342285156,
            15.824923515319824,
            16.350954055786133,
            19.375263214111328,
            7.952651500701904,
            12.701362609863281,
            27.269020080566406,
            13.638208389282227,
            17.014015197753906
        ],
        "min": [
            13.274683952331543,
            11.033960342407227,
            17.116796493530273,
            14.859064102172852,
            27.312440872192383,
            13.225105285644531,
            13.031238555908203,
            25.983070373535156,
            11.617410659790039,
            27.064838409423828,
            14.306417465209961,
            16.080238342285156,
            15.824923515319824,
            16.350954055786133,
            19.375263214111328,
            7.952651500701904,
            12.701362609863281,
            27.269020080566406,
            13.638208389282227,
            17.014015197753906
        ]
    }
}