{
    "psnr": {
        "sample": [
            [
                11.679946899414062
            ],
            [
                9.080612182617188
            ],
            [
                23.824321746826172
            ],
            [
                13.194293022155762
            ],
            [
                18.275774002075195
            ],
            [
                12.69450569152832
            ],
            [
                14.136734962463379
            ],
            [
                26.65778350830078
            ],
            [
                11.195592880249023
            ],
            [
                27.500347137451172
            ],
            [
                14.182991981506348
            ],
            [
                15.320578575134277
            ],
            [
                15.878166198730469
            ],
            [
                15.274263381958008
            ],
            [
                14.402976036071777
            ],
            [
                7.983930587768555
            ],
            [
                12.554398536682129
            ],
            [
                27.56882667541504
            ],
            [
                13.275188446044922
            ],
            [
                17.708438873291016
            ]
        ],
        "mean": [
            11.679946899414062,
            9.080612182617188,
            23.824321746826172,
            13.194293022155762,
            18.275774002075195,
            12.69450569152832,
            14.136734962463379,
            26.65778350830078,
            11.195592880249023,
            27.500347137451172,
            14.182991981506348,
            15.320578575134277,
            15.878166198730469,
            15.274263381958008,
            14.402976036071777,
            7.983930587768555,
            12.554398536682129,
            27.56882667541504,
            13.275188446044922,
            17.708438873291016
        ],
        "std": [
            0.0,
            0.0,
            0.0,
            0.0,
            0.0,
            0.0,
            0.0,
            0.0,
            0.0,
            0.0,
            0.0,
            0.0,
            0.0,
            0.0,
            0.0,
            0.0,
            0.0,
            0.0,
            0.0,
            0.0
        ],
        "max": [
            11.679946899414062,
            9.080612182617188,
            23.824321746826172,
            13.194293022155762,
            18.275774002075195,
            12.69450569152832,
            14.136734962463379,
            26.65778350830078,
            11.195592880249023,
            27.500347137451172,
            14.182991981506348,
            15.320578575134277,
            15.878166198730469,
            15.274263381958008,
            14.402976036071777,
            7.983930587768555,
            12.554398536682129,
            27.56882667541504,
            13.275188446044922,
            17.708438873291016
        ],
        "min": [
            11.679946899414062,
            9.080612182617188,
            23.824321746826172,
            13.194293022155762,
            18.275774002075195,
            12.69450569152832,
            14.136734962463379,
            26.65778350830078,
            11.195592880249023,
            27.500347137451172,
            14.182991981506348,
            15.320578575134277,
            15.878166198730469,
            15.274263381958008,
            14.402976036071777,
            7.983930587768555,
            12.554398536682129,
            27.56882667541504,
            13.275188446044922,
            17.708438873291016
        ]
    },
    "ssim": {
        "sample": [
            [
                0.22491824626922607
            ],
            [
                0.11284202337265015
            ],
            [
                0.6311943531036377
            ],
            [
                0.26384449005126953
            ],
            [
                0.5706377029418945
            ],
            [
                0.18817976117134094
            ],
            [
                0.33848556876182556
            ],
            [
                0.5811927318572998
            ],
            [
                0.19543001055717468
            ],
            [
                0.6826061010360718
            ],
            [
                0.3360981345176697
            ],
            [
                0.2841869592666626
            ],
            [
                0.2647029161453247
            ],
            [
                0.32961082458496094
            ],
            [
                0.46921151876449585
            ],
            [
                0.15376877784729004
            ],
            [
                0.3515581488609314
            ],
            [
                0.6605151891708374
            ],
            [
                0.24368950724601746
            ],
            [
                0.4575367569923401
            ]
        ],
        "mean": [
            0.22491824626922607,
            0.11284202337265015,
            0.6311943531036377,
            0.26384449005126953,
            0.5706377029418945,
            0.18817976117134094,
            0.33848556876182556,
            0.5811927318572998,
            0.19543001055717468,
            0.6826061010360718,
            0.3360981345176697,
            0.2841869592666626,
            0.2647029161453247,
            0.32961082458496094,
            0.46921151876449585,
            0.15376877784729004,
            0.3515581488609314,
            0.6605151891708374,
            0.24368950724601746,
            0.4575367569923401
        ],
        "std": [
            0.0,
            0.0,
            0.0,
            0.0,
            0.0,
            0.0,
            0.0,
            0.0,
            0.0,
            0.0,
            0.0,
            0.0,
            0.0,
            0.0,
            0.0,
            0.0,
            0.0,
            0.0,
            0.0,
            0.0
        ],
        "max": [
            0.22491824626922607,
            0.11284202337265015,
            0.6311943531036377,
            0.26384449005126953,
            0.5706377029418945,
            0.18817976117134094,
            0.33848556876182556,
            0.5811927318572998,
            0.19543001055717468,
            0.6826061010360718,
            0.3360981345176697,
            0.2841869592666626,
            0.2647029161453247,
            0.32961082458496094,
            0.46921151876449585,
            0.15376877784729004,
            0.3515581488609314,
            0.6605151891708374,
            0.24368950724601746,
            0.4575367569923401
        ],
        "min": [
            0.22491824626922607,
            0.11284202337265015,
            0.6311943531036377,
            0.26384449005126953,
            0.5706377029418945,
            0.18817976117134094,
            0.33848556876182556,
            0.5811927318572998,
            0.19543001055717468,
            0.6826061010360718,
            0.3360981345176697,
            0.2841869592666626,
            0.2647029161453247,
            0.32961082458496094,
            0.46921151876449585,
            0.15376877784729004,
            0.3515581488609314,
            0.6605151891708374,
            0.24368950724601746,
            0.4575367569923401
        ]
    },