{
  "total_wall_sec": 868.7177912518382,
  "per_image_sec": 43.43588956259191,
  "ode_steps": 5,
  "anneal_steps_cfg": 200,
  "used_anneal_steps": 200
}