{
    "psnr": {
        "sample": [
            [
                4.722519874572754
            ],
            [
                5.035442352294922
            ],
            [
                4.6418304443359375
            ],
            [
                4.589423656463623
            ]
        ],
        "mean": [
            4.722519874572754,
            5.035442352294922,
            4.6418304443359375,
            4.589423656463623
        ],
        "std": [
            0.0,
            0.0,
            0.0,
            0.0
        ],
        "max": [
            4.722519874572754,
            5.035442352294922,
            4.6418304443359375,
            4.589423656463623
        ],
        "min": [
            4.722519874572754,
            5.035442352294922,
            4.6418304443359375,
            4.589423656463623
        ]
    },
    "ssim": {
        "sample": [
            [
                0.0030549149960279465
            ],
            [
                0.003784987609833479
            ],
            [
                0.0032675154507160187
            ],
            [
                0.003220772370696068
            ]
        ],
        "mean": [
            0.0030549149960279465,
            0.003784987609833479,
            0.0032675154507160187,
            0.003220772370696068
        ],
        "std": [
            0.0,
            0.0,
            0.0,
            0.0
        ],
        "max": [
            0.0030549149960279465,
            0.003784987609833479,
            0.0032675154507160187,
            0.003220772370696068
        ],
        "min": [
            0.0030549149960279465,
            0.003784987609833479,
            0.0032675154507160187,
            0.003220772370696068
        ]
    },
    "lpips": {
        "sample": [
            [
                0.8867816925048828
            ],
            [
                0.822561502456665
            ],
            [
                0.8732985258102417
            ],
            [
                0.8611935973167419
            ]
        ],
        "mean": [
            0.8867816925048828,
            0.822561502456665,
            0.8732985258102417,
            0.8611935973167419
        ],
        "std": [
            0.0,
            0.0,
            0.0,
            0.0
        ],
        "max": [
            0.8867816925048828,
            0.822561502456665,
            0.8732985258102417,
            0.8611935973167419
        ],
        "min": [
            0.8867816925048828,
            0.822561502456665,
            0.8732985258102417,
            0.8611935973167419
        ]
    }
}