{
    "psnr": {
        "sample": [
            [
                15.042879104614258
            ],
            [
                29.344388961791992
            ],
            [
                25.487871170043945
            ],
            [
                9.832923889160156
            ],
            [
                30.67220687866211
            ],
            [
                25.793115615844727
            ],
            [
                16.29167366027832
            ],
            [
                29.237079620361328
            ],
            [
                12.755266189575195
            ],
            [
                29.608991622924805
            ],
            [
                12.170841217041016
            ],
            [
                14.947577476501465
            ],
            [
                14.338052749633789
            ],
            [
                13.633275985717773
            ],
            [
                12.300281524658203
            ],
            [
                8.350699424743652
            ],
            [
                12.65463638305664
            ],
            [
                17.156288146972656
            ],
            [
                12.932368278503418
            ],
            [
                11.36841869354248
            ]
        ],
        "mean": [
            15.042879104614258,
            29.344388961791992,
            25.487871170043945,
            9.832923889160156,
            30.67220687866211,
            25.793115615844727,
            16.29167366027832,
            29.237079620361328,
            12.755266189575195,
            29.608991622924805,
            12.170841217041016,
            14.947577476501465,
            14.338052749633789,
            13.633275985717773,
            12.300281524658203,
            8.350699424743652,
            12.65463638305664,
            17.156288146972656,
            12.932368278503418,
            11.36841869354248
        ],
        "std": [
            0.0,
            0.0,
            0.0,
            0.0,
            0.0,
            0.0,
            0.0,
            0.0,
            0.0,
            0.0,
            0.0,
            0.0,
            0.0,
            0.0,
            0.0,
            0.0,
            0.0,
            0.0,
            0.0,
            0.0
        ],
        "max": [
            15.042879104614258,
            29.344388961791992,
            25.487871170043945,
            9.832923889160156,
            30.67220687866211,
            25.793115615844727,
            16.29167366027832,
            29.237079620361328,
            12.755266189575195,
            29.608991622924805,
            12.170841217041016,
            14.947577476501465,
            14.338052749633789,
            13.633275985717773,
            12.300281524658203,
            8.350699424743652,
            12.65463638305664,
            17.156288146972656,
            12.932368278503418,
            11.36841869354248
        ],
        "min": [
            15.042879104614258,
            29.344388961791992,
            25.487871170043945,
            9.832923889160156,
            30.67220687866211,
            25.793115615844727,
            16.29167366027832,
            29.237079620361328,
            12.755266189575195,
            29.608991622924805,
            12.170841217041016,
            14.947577476501465,
            14.338052749633789,
            13.633275985717773,
            12.300281524658203,
            8.350699424743652,
            12.65463638305664,
            17.156288146972656,
            12.932368278503418,
            11.36841869354248
        ]
    },
    "ssim": {
        "sample": [
            [
                0.3904206454753876
            ],
            [
                0.845965564250946
            ],
            [
                0.7425947189331055
            ],
            [
                0.2518487870693207
            ],
            [
                0.8470814228057861
            ],
            [
                0.7465524673461914
            ],
            [
                0.5606088638305664
            ],
            [
                0.7477807998657227
            ],
            [
                0.40088576078414917
            ],
            [
                0.8085986971855164
            ],
            [
                0.26123857498168945
            ],
            [
                0.2923275828361511
            ],
            [
                0.21531181037425995
            ],
            [
                0.26294100284576416
            ],
            [
                0.3934212923049927
            ],
            [
                0.19149023294448853
            ],
            [
                0.4069215655326843
            ],
            [
                0.3867418169975281
            ],
            [
                0.2685980200767517
            ],
            [
                0.22345852851867676
            ]
        ],
        "mean": [
            0.3904206454753876,
            0.845965564250946,
            0.7425947189331055,
            0.2518487870693207,
            0.8470814228057861,
            0.7465524673461914,
            0.5606088638305664,
            0.7477807998657227,
            0.40088576078414917,
            0.8085986971855164,
            0.26123857498168945,
            0.2923275828361511,
            0.21531181037425995,
            0.26294100284576416,
            0.3934212923049927,
            0.19149023294448853,
            0.4069215655326843,
            0.3867418169975281,
            0.2685980200767517,
            0.22345852851867676
        ],
        "std": [
            0.0,
            0.0,
            0.0,
            0.0,
            0.0,
            0.0,
            0.0,
            0.0,
            0.0,
            0.0,
            0.0,
            0.0,
            0.0,
            0.0,
            0.0,
            0.0,
            0.0,
            0.0,
            0.0,
            0.0
        ],
        "max": [
            0.3904206454753876,
            0.845965564250946,
            0.7425947189331055,
            0.2518487870693207,
            0.8470814228057861,
            0.7465524673461914,
            0.5606088638305664,
            0.7477807998657227,
            0.40088576078414917,
            0.8085986971855164,
            0.26123857498168945,
            0.2923275828361511,
            0.21531181037425995,
            0.26294100284576416,
            0.3934212923049927,
            0.19149023294448853,
            0.4069215655326843,
            0.3867418169975281,
            0.2685980200767517,
            0.22345852851867676
        ],
        "min": [
            0.3904206454753876,
            0.845965564250946,
            0.7425947189331055,
            0.2518487870693207,
            0.8470814228057861,
            0.7465524673461914,
            0.5606088638305664,
            0.7477807998657227,
            0.40088576078414917,
            0.8085986971855164,
            0.26123857498168945,
            0.2923275828361511,
            0.21531181037425995,
            0.26294100284576416,
            0.3934212923049927,
            0.19149023294448853,
            0.4069215655326843,
            0.3867418169975281,
            0.2685980200767517,
            0.22345852851867676
        ]
    },