{
    "psnr": {
        "sample": [
            [
                13.173124313354492
            ],
            [
                11.010254859924316
            ],
            [
                16.907581329345703
            ],
            [
                14.732975006103516
            ],
            [
                25.06365966796875
            ],
            [
                13.186083793640137
            ],
            [
                12.958708763122559
            ],
            [
                24.43853187561035
            ],
            [
                11.560035705566406
            ],
            [
                24.980182647705078
            ],
            [
                10.802604675292969
            ],
            [
                15.55243968963623
            ],
            [
                9.465177536010742
            ],
            [
                12.770805358886719
            ],
            [
                25.134384155273438
            ],
            [
                25.159542083740234
            ],
            [
                25.745393753051758
            ],
            [
                12.3389253616333
            ],
            [
                23.09034538269043
            ],
            [
                10.854278564453125
            ]
        ],
        "mean": [
            13.173124313354492,
            11.010254859924316,
            16.907581329345703,
            14.732975006103516,
            25.06365966796875,
            13.186083793640137,
            12.958708763122559,
            24.43853187561035,
            11.560035705566406,
            24.980182647705078,
            10.802604675292969,
            15.55243968963623,
            9.465177536010742,
            12.770805358886719,
            25.134384155273438,
            25.159542083740234,
            25.745393753051758,
            12.3389253616333,
            23.09034538269043,
            10.854278564453125
        ],
        "std": [
            0.0,
            0.0,
            0.0,
            0.0,
            0.0,
            0.0,
            0.0,
            0.0,
            0.0,
            0.0,
            0.0,
            0.0,
            0.0,
            0.0,
            0.0,
            0.0,
            0.0,
            0.0,
            0.0,
            0.0
        ],
        "max": [
            13.173124313354492,
            11.010254859924316,
            16.907581329345703,
            14.732975006103516,
            25.06365966796875,
            13.186083793640137,
            12.958708763122559,
            24.43853187561035,
            11.560035705566406,
            24.980182647705078,
            10.802604675292969,
            15.55243968963623,
            9.465177536010742,
            12.770805358886719,
            25.134384155273438,
            25.159542083740234,
            25.745393753051758,
            12.3389253616333,
            23.09034538269043,
            10.854278564453125
        ],
        "min": [
            13.173124313354492,
            11.010254859924316,
            16.907581329345703,
            14.732975006103516,
            25.06365966796875,
            13.186083793640137,
            12.958708763122559,
            24.43853187561035,
            11.560035705566406,
            24.980182647705078,
            10.802604675292969,
            15.55243968963623,
            9.465177536010742,
            12.770805358886719,
            25.134384155273438,
            25.159542083740234,
            25.745393753051758,
            12.3389253616333,
            23.09034538269043,
            10.854278564453125
        ]
    }
}