{
    "psnr": {
        "sample": [
            [
                13.263191223144531
            ],
            [
                11.031583786010742
            ],
            [
                17.141334533691406
            ],
            [
                14.855587005615234
            ],
            [
                27.381898880004883
            ],
            [
                13.216557502746582
            ],
            [
                13.027463912963867
            ],
            [
                26.056154251098633
            ],
            [
                11.61617374420166
            ],
            [
                27.162269592285156
            ],
            [
                14.274181365966797
            ],
            [
                16.07389259338379
            ],
            [
                15.816116333007812
            ],
            [
                16.340721130371094
            ],
            [
                19.36347198486328
            ],
            [
                7.957770347595215
            ],
            [
                12.698169708251953
            ],
            [
                27.251781463623047
            ],
            [
                13.639725685119629
            ],
            [
                17.017044067382812
            ]
        ],
        "mean": [
            13.263191223144531,
            11.031583786010742,
            17.141334533691406,
            14.855587005615234,
            27.381898880004883,
            13.216557502746582,
            13.027463912963867,
            26.056154251098633,
            11.61617374420166,
            27.162269592285156,
            14.274181365966797,
            16.07389259338379,
            15.816116333007812,
            16.340721130371094,
            19.36347198486328,
            7.957770347595215,
            12.698169708251953,
            27.251781463623047,
            13.639725685119629,
            17.017044067382812
        ],
        "std": [
            0.0,
            0.0,
            0.0,
            0.0,
            0.0,
            0.0,
            0.0,
            0.0,
            0.0,
            0.0,
            0.0,
            0.0,
            0.0,
            0.0,
            0.0,
            0.0,
            0.0,
            0.0,
            0.0,
            0.0
        ],
        "max": [
            13.263191223144531,
            11.031583786010742,
            17.141334533691406,
            14.855587005615234,
            27.381898880004883,
            13.216557502746582,
            13.027463912963867,
            26.056154251098633,
            11.61617374420166,
            27.162269592285156,
            14.274181365966797,
            16.07389259338379,
            15.816116333007812,
            16.340721130371094,
            19.36347198486328,
            7.957770347595215,
            12.698169708251953,
            27.251781463623047,
            13.639725685119629,
            17.017044067382812
        ],
        "min": [
            13.263191223144531,
            11.031583786010742,
            17.141334533691406,
            14.855587005615234,
            27.381898880004883,
            13.216557502746582,
            13.027463912963867,
            26.056154251098633,
            11.61617374420166,
            27.162269592285156,
            14.274181365966797,
            16.07389259338379,
            15.816116333007812,
            16.340721130371094,
            19.36347198486328,
            7.957770347595215,
            12.698169708251953,
            27.251781463623047,
            13.639725685119629,
            17.017044067382812
        ]
    }
}