{
  "total_wall_sec": 797.5090169683099,
  "per_image_sec": 39.8754508484155,
  "ode_steps": 5,
  "anneal_steps_cfg": 200,
  "used_anneal_steps": 200
}