{
    "psnr": {
        "sample": [
            [
                12.146675109863281
            ],
            [
                10.883615493774414
            ],
            [
                14.477828979492188
            ],
            [
                11.234905242919922
            ],
            [
                27.25419807434082
            ],
            [
                23.12434959411621
            ],
            [
                13.504433631896973
            ],
            [
                20.007450103759766
            ],
            [
                12.454456329345703
            ],
            [
                23.144439697265625
            ],
            [
                14.460691452026367
            ],
            [
                14.906793594360352
            ],
            [
                14.030267715454102
            ],
            [
                13.960254669189453
            ],
            [
                13.080405235290527
            ],
            [
                7.924169540405273
            ],
            [
                12.33808422088623
            ],
            [
                26.748979568481445
            ],
            [
                13.203883171081543
            ],
            [
                13.2457275390625
            ]
        ],
        "mean": [
            12.146675109863281,
            10.883615493774414,
            14.477828979492188,
            11.234905242919922,
            27.25419807434082,
            23.12434959411621,
            13.504433631896973,
            20.007450103759766,
            12.454456329345703,
            23.144439697265625,
            14.460691452026367,
            14.906793594360352,
            14.030267715454102,
            13.960254669189453,
            13.080405235290527,
            7.924169540405273,
            12.33808422088623,
            26.748979568481445,
            13.203883171081543,
            13.2457275390625
        ],
        "std": [
            0.0,
            0.0,
            0.0,
            0.0,
            0.0,
            0.0,
            0.0,
            0.0,
            0.0,
            0.0,
            0.0,
            0.0,
            0.0,
            0.0,
            0.0,
            0.0,
            0.0,
            0.0,
            0.0,
            0.0
        ],
        "max": [
            12.146675109863281,
            10.883615493774414,
            14.477828979492188,
            11.234905242919922,
            27.25419807434082,
            23.12434959411621,
            13.504433631896973,
            20.007450103759766,
            12.454456329345703,
            23.144439697265625,
            14.460691452026367,
            14.906793594360352,
            14.030267715454102,
            13.960254669189453,
            13.080405235290527,
            7.924169540405273,
            12.33808422088623,
            26.748979568481445,
            13.203883171081543,
            13.2457275390625
        ],
        "min": [
            12.146675109863281,
            10.883615493774414,
            14.477828979492188,
            11.234905242919922,
            27.25419807434082,
            23.12434959411621,
            13.504433631896973,
            20.007450103759766,
            12.454456329345703,
            23.144439697265625,
            14.460691452026367,
            14.906793594360352,
            14.030267715454102,
            13.960254669189453,
            13.080405235290527,
            7.924169540405273,
            12.33808422088623,
            26.748979568481445,
            13.203883171081543,
            13.2457275390625
        ]
    }
}