{
  "total_wall_sec": 797.7028924617916,
  "per_image_sec": 39.88514462308958,
  "ode_steps": 5,
  "anneal_steps_cfg": 200,
  "used_anneal_steps": 200
}