{
    "psnr": {
        "sample": [
            [
                12.040801048278809
            ],
            [
                12.540061950683594
            ],
            [
                14.09203052520752
            ],
            [
                11.41666316986084
            ],
            [
                27.346668243408203
            ],
            [
                14.987186431884766
            ],
            [
                14.22158432006836
            ],
            [
                15.703425407409668
            ],
            [
                11.88277816772461
            ],
            [
                15.841794967651367
            ],
            [
                14.088591575622559
            ],
            [
                15.034297943115234
            ],
            [
                14.166833877563477
            ],
            [
                13.153157234191895
            ],
            [
                11.534217834472656
            ],
            [
                8.132431983947754
            ],
            [
                12.540824890136719
            ],
            [
                18.50336265563965
            ],
            [
                12.65372371673584
            ],
            [
                11.500153541564941
            ]
        ],
        "mean": [
            12.040801048278809,
            12.540061950683594,
            14.09203052520752,
            11.41666316986084,
            27.346668243408203,
            14.987186431884766,
            14.22158432006836,
            15.703425407409668,
            11.88277816772461,
            15.841794967651367,
            14.088591575622559,
            15.034297943115234,
            14.166833877563477,
            13.153157234191895,
            11.534217834472656,
            8.132431983947754,
            12.540824890136719,
            18.50336265563965,
            12.65372371673584,
            11.500153541564941
        ],
        "std": [
            0.0,
            0.0,
            0.0,
            0.0,
            0.0,
            0.0,
            0.0,
            0.0,
            0.0,
            0.0,
            0.0,
            0.0,
            0.0,
            0.0,
            0.0,
            0.0,
            0.0,
            0.0,
            0.0,
            0.0
        ],
        "max": [
            12.040801048278809,
            12.540061950683594,
            14.09203052520752,
            11.41666316986084,
            27.346668243408203,
            14.987186431884766,
            14.22158432006836,
            15.703425407409668,
            11.88277816772461,
            15.841794967651367,
            14.088591575622559,
            15.034297943115234,
            14.166833877563477,
            13.153157234191895,
            11.534217834472656,
            8.132431983947754,
            12.540824890136719,
            18.50336265563965,
            12.65372371673584,
            11.500153541564941
        ],
        "min": [
            12.040801048278809,
            12.540061950683594,
            14.09203052520752,
            11.41666316986084,
            27.346668243408203,
            14.987186431884766,
            14.22158432006836,
            15.703425407409668,
            11.88277816772461,
            15.841794967651367,
            14.088591575622559,
            15.034297943115234,
            14.166833877563477,
            13.153157234191895,
            11.534217834472656,
            8.132431983947754,
            12.540824890136719,
            18.50336265563965,
            12.65372371673584,
            11.500153541564941
        ]
    }
}