{
  "total_wall_sec": 797.7155852206051,
  "per_image_sec": 39.88577926103026,
  "ode_steps": 5,
  "anneal_steps_cfg": 200,
  "used_anneal_steps": 200
}