{
    "psnr": {
        "sample": [
            [
                13.24588680267334
            ],
            [
                11.034804344177246
            ],
            [
                17.140554428100586
            ],
            [
                14.862408638000488
            ],
            [
                27.363361358642578
            ],
            [
                13.23037052154541
            ],
            [
                13.027162551879883
            ],
            [
                26.14971923828125
            ],
            [
                11.61542797088623
            ],
            [
                27.122264862060547
            ],
            [
                14.288601875305176
            ],
            [
                16.068937301635742
            ],
            [
                15.816482543945312
            ],
            [
                16.338890075683594
            ],
            [
                19.371734619140625
            ],
            [
                7.956969738006592
            ],
            [
                12.693696022033691
            ],
            [
                27.266233444213867
            ],
            [
                13.638157844543457
            ],
            [
                17.020437240600586
            ]
        ],
        "mean": [
            13.24588680267334,
            11.034804344177246,
            17.140554428100586,
            14.862408638000488,
            27.363361358642578,
            13.23037052154541,
            13.027162551879883,
            26.14971923828125,
            11.61542797088623,
            27.122264862060547,
            14.288601875305176,
            16.068937301635742,
            15.816482543945312,
            16.338890075683594,
            19.371734619140625,
            7.956969738006592,
            12.693696022033691,
            27.266233444213867,
            13.638157844543457,
            17.020437240600586
        ],
        "std": [
            0.0,
            0.0,
            0.0,
            0.0,
            0.0,
            0.0,
            0.0,
            0.0,
            0.0,
            0.0,
            0.0,
            0.0,
            0.0,
            0.0,
            0.0,
            0.0,
            0.0,
            0.0,
            0.0,
            0.0
        ],
        "max": [
            13.24588680267334,
            11.034804344177246,
            17.140554428100586,
            14.862408638000488,
            27.363361358642578,
            13.23037052154541,
            13.027162551879883,
            26.14971923828125,
            11.61542797088623,
            27.122264862060547,
            14.288601875305176,
            16.068937301635742,
            15.816482543945312,
            16.338890075683594,
            19.371734619140625,
            7.956969738006592,
            12.693696022033691,
            27.266233444213867,
            13.638157844543457,
            17.020437240600586
        ],
        "min": [
            13.24588680267334,
            11.034804344177246,
            17.140554428100586,
            14.862408638000488,
            27.363361358642578,
            13.23037052154541,
            13.027162551879883,
            26.14971923828125,
            11.61542797088623,
            27.122264862060547,
            14.288601875305176,
            16.068937301635742,
            15.816482543945312,
            16.338890075683594,
            19.371734619140625,
            7.956969738006592,
            12.693696022033691,
            27.266233444213867,
            13.638157844543457,
            17.020437240600586
        ]
    }
}