{
    "psnr": {
        "sample": [
            [
                6.275444984436035
            ],
            [
                6.578531742095947
            ]
        ],
        "mean": [
            6.275444984436035,
            6.578531742095947
        ],
        "std": [
            0.0,
            0.0
        ],
        "max": [
            6.275444984436035,
            6.578531742095947
        ],
        "min": [
            6.275444984436035,
            6.578531742095947
        ]
    },
    "ssim": {
        "sample": [
            [
                0.004770874511450529
            ],
            [
                0.004640370607376099
            ]
        ],
        "mean": [
            0.004770874511450529,
            0.004640370607376099
        ],
        "std": [
            0.0,
            0.0
        ],
        "max": [
            0.004770874511450529,
            0.004640370607376099
        ],
        "min": [
            0.004770874511450529,
            0.004640370607376099
        ]
    },
    "lpips": {
        "sample": [
            [
                0.8421582579612732
            ],
            [
                0.8814347982406616
            ]
        ],
        "mean": [
            0.8421582579612732,
            0.8814347982406616
        ],
        "std": [
            0.0,
            0.0
        ],
        "max": [
            0.8421582579612732,
            0.8814347982406616
        ],
        "min": [
            0.8421582579612732,
            0.8814347982406616
        ]
    }
}