{
    "psnr": {
        "sample": [
            [
                12.143746376037598
            ],
            [
                10.88162612915039
            ],
            [
                14.468382835388184
            ],
            [
                11.2178373336792
            ],
            [
                27.298542022705078
            ],
            [
                23.062793731689453
            ],
            [
                13.4923734664917
            ],
            [
                20.00321388244629
            ],
            [
                12.445544242858887
            ],
            [
                23.09222412109375
            ],
            [
                14.45606803894043
            ],
            [
                14.915477752685547
            ],
            [
                14.025708198547363
            ],
            [
                13.94922161102295
            ],
            [
                13.078204154968262
            ],
            [
                7.923911094665527
            ],
            [
                12.339958190917969
            ],
            [
                26.693391799926758
            ],
            [
                13.212823867797852
            ],
            [
                13.256874084472656
            ]
        ],
        "mean": [
            12.143746376037598,
            10.88162612915039,
            14.468382835388184,
            11.2178373336792,
            27.298542022705078,
            23.062793731689453,
            13.4923734664917,
            20.00321388244629,
            12.445544242858887,
            23.09222412109375,
            14.45606803894043,
            14.915477752685547,
            14.025708198547363,
            13.94922161102295,
            13.078204154968262,
            7.923911094665527,
            12.339958190917969,
            26.693391799926758,
            13.212823867797852,
            13.256874084472656
        ],
        "std": [
            0.0,
            0.0,
            0.0,
            0.0,
            0.0,
            0.0,
            0.0,
            0.0,
            0.0,
            0.0,
            0.0,
            0.0,
            0.0,
            0.0,
            0.0,
            0.0,
            0.0,
            0.0,
            0.0,
            0.0
        ],
        "max": [
            12.143746376037598,
            10.88162612915039,
            14.468382835388184,
            11.2178373336792,
            27.298542022705078,
            23.062793731689453,
            13.4923734664917,
            20.00321388244629,
            12.445544242858887,
            23.09222412109375,
            14.45606803894043,
            14.915477752685547,
            14.025708198547363,
            13.94922161102295,
            13.078204154968262,
            7.923911094665527,
            12.339958190917969,
            26.693391799926758,
            13.212823867797852,
            13.256874084472656
        ],
        "min": [
            12.143746376037598,
            10.88162612915039,
            14.468382835388184,
            11.2178373336792,
            27.298542022705078,
            23.062793731689453,
            13.4923734664917,
            20.00321388244629,
            12.445544242858887,
            23.09222412109375,
            14.45606803894043,
            14.915477752685547,
            14.025708198547363,
            13.94922161102295,
            13.078204154968262,
            7.923911094665527,
            12.339958190917969,
            26.693391799926758,
            13.212823867797852,
            13.256874084472656
        ]
    }
}