{
    "psnr": {
        "sample": [
            [
                13.682716369628906
            ],
            [
                11.977206230163574
            ],
            [
                19.768667221069336
            ],
            [
                13.22957992553711
            ],
            [
                27.474102020263672
            ],
            [
                25.433835983276367
            ],
            [
                13.3764066696167
            ],
            [
                26.878738403320312
            ],
            [
                11.553316116333008
            ],
            [
                27.1768741607666
            ],
            [
                13.948247909545898
            ],
            [
                14.951725006103516
            ],
            [
                13.759359359741211
            ],
            [
                14.099669456481934
            ],
            [
                11.596702575683594
            ],
            [
                8.07492446899414
            ],
            [
                12.658041000366211
            ],
            [
                27.172758102416992
            ],
            [
                13.172752380371094
            ],
            [
                13.197750091552734
            ]
        ],
        "mean": [
            13.682716369628906,
            11.977206230163574,
            19.768667221069336,
            13.22957992553711,
            27.474102020263672,
            25.433835983276367,
            13.3764066696167,
            26.878738403320312,
            11.553316116333008,
            27.1768741607666,
            13.948247909545898,
            14.951725006103516,
            13.759359359741211,
            14.099669456481934,
            11.596702575683594,
            8.07492446899414,
            12.658041000366211,
            27.172758102416992,
            13.172752380371094,
            13.197750091552734
        ],
        "std": [
            0.0,
            0.0,
            0.0,
            0.0,
            0.0,
            0.0,
            0.0,
            0.0,
            0.0,
            0.0,
            0.0,
            0.0,
            0.0,
            0.0,
            0.0,
            0.0,
            0.0,
            0.0,
            0.0,
            0.0
        ],
        "max": [
            13.682716369628906,
            11.977206230163574,
            19.768667221069336,
            13.22957992553711,
            27.474102020263672,
            25.433835983276367,
            13.3764066696167,
            26.878738403320312,
            11.553316116333008,
            27.1768741607666,
            13.948247909545898,
            14.951725006103516,
            13.759359359741211,
            14.099669456481934,
            11.596702575683594,
            8.07492446899414,
            12.658041000366211,
            27.172758102416992,
            13.172752380371094,
            13.197750091552734
        ],
        "min": [
            13.682716369628906,
            11.977206230163574,
            19.768667221069336,
            13.22957992553711,
            27.474102020263672,
            25.433835983276367,
            13.3764066696167,
            26.878738403320312,
            11.553316116333008,
            27.1768741607666,
            13.948247909545898,
            14.951725006103516,
            13.759359359741211,
            14.099669456481934,
            11.596702575683594,
            8.07492446899414,
            12.658041000366211,
            27.172758102416992,
            13.172752380371094,
            13.197750091552734
        ]
    }
}