{
    "psnr": {
        "sample": [
            [
                11.755086898803711
            ],
            [
                11.997695922851562
            ],
            [
                12.934598922729492
            ],
            [
                10.409311294555664
            ],
            [
                26.99681282043457
            ],
            [
                13.060169219970703
            ],
            [
                13.536277770996094
            ],
            [
                15.582773208618164
            ],
            [
                11.84852409362793
            ],
            [
                13.603361129760742
            ],
            [
                13.843727111816406
            ],
            [
                14.927286148071289
            ],
            [
                14.021900177001953
            ],
            [
                13.500289916992188
            ],
            [
                11.516971588134766
            ],
            [
                8.034688949584961
            ],
            [
                12.592658042907715
            ],
            [
                20.12774658203125
            ],
            [
                13.040063858032227
            ],
            [
                12.391546249389648
            ]
        ],
        "mean": [
            11.755086898803711,
            11.997695922851562,
            12.934598922729492,
            10.409311294555664,
            26.99681282043457,
            13.060169219970703,
            13.536277770996094,
            15.582773208618164,
            11.84852409362793,
            13.603361129760742,
            13.843727111816406,
            14.927286148071289,
            14.021900177001953,
            13.500289916992188,
            11.516971588134766,
            8.034688949584961,
            12.592658042907715,
            20.12774658203125,
            13.040063858032227,
            12.391546249389648
        ],
        "std": [
            0.0,
            0.0,
            0.0,
            0.0,
            0.0,
            0.0,
            0.0,
            0.0,
            0.0,
            0.0,
            0.0,
            0.0,
            0.0,
            0.0,
            0.0,
            0.0,
            0.0,
            0.0,
            0.0,
            0.0
        ],
        "max": [
            11.755086898803711,
            11.997695922851562,
            12.934598922729492,
            10.409311294555664,
            26.99681282043457,
            13.060169219970703,
            13.536277770996094,
            15.582773208618164,
            11.84852409362793,
            13.603361129760742,
            13.843727111816406,
            14.927286148071289,
            14.021900177001953,
            13.500289916992188,
            11.516971588134766,
            8.034688949584961,
            12.592658042907715,
            20.12774658203125,
            13.040063858032227,
            12.391546249389648
        ],
        "min": [
            11.755086898803711,
            11.997695922851562,
            12.934598922729492,
            10.409311294555664,
            26.99681282043457,
            13.060169219970703,
            13.536277770996094,
            15.582773208618164,
            11.84852409362793,
            13.603361129760742,
            13.843727111816406,
            14.927286148071289,
            14.021900177001953,
            13.500289916992188,
            11.516971588134766,
            8.034688949584961,
            12.592658042907715,
            20.12774658203125,
            13.040063858032227,
            12.391546249389648
        ]
    }
}