{
  "total_wall_sec": 797.9453930798918,
  "per_image_sec": 39.89726965399459,
  "ode_steps": 5,
  "anneal_steps_cfg": 200,
  "used_anneal_steps": 200
}