{
    "psnr": {
        "sample": [
            [
                30.57007598876953,
                10.444055557250977,
                11.2202787399292,
                30.380355834960938
            ],
            [
                28.370683670043945,
                26.223880767822266,
                28.41614532470703,
                29.52362060546875
            ],
            [
                30.769407272338867,
                30.72983741760254,
                31.262775421142578,
                30.848886489868164
            ],
            [
                31.204856872558594,
                31.28972053527832,
                31.221952438354492,
                31.390830993652344
            ],
            [
                28.275711059570312,
                28.454486846923828,
                28.393028259277344,
                28.543697357177734
            ],
            [
                30.768329620361328,
                10.992951393127441,
                14.949816703796387,
                30.818052291870117
            ],
            [
                9.583488464355469,
                31.096010208129883,
                30.851093292236328,
                31.060409545898438
            ],
            [
                10.496258735656738,
                10.064430236816406,
                9.764896392822266,
                29.009572982788086
            ],
            [
                30.527210235595703,
                30.609968185424805,
                30.520343780517578,
                30.54611587524414
            ],
            [
                31.064525604248047,
                31.126243591308594,
                31.115320205688477,
                30.741851806640625
            ]
        ],
        "mean": [
            20.653690338134766,
            28.133583068847656,
            30.902727127075195,
            31.276840209960938,
            28.416732788085938,
            21.882287979125977,
            25.647750854492188,
            14.833789825439453,
            30.550907135009766,
            31.011985778808594
        ],
        "std": [
            11.345610618591309,
            1.380244493484497,
            0.24508412182331085,
            0.08436758071184158,
            0.11253800243139267,
            10.415475845336914,
            10.710052490234375,
            9.455288887023926,
            0.04085201397538185,
            0.18208596110343933
        ],
        "max": [
            30.57007598876953,
            29.52362060546875,
            31.262775421142578,
            31.390830993652344,
            28.543697357177734,
            30.818052291870117,
            31.096010208129883,
            29.009572982788086,
            30.609968185424805,
            31.126243591308594
        ],
        "min": [
            10.444055557250977,
            26.223880767822266,
            30.72983741760254,
            31.204856872558594,
            28.275711059570312,
            10.992951393127441,
            9.583488464355469,
            9.764896392822266,
            30.520343780517578,
            30.741851806640625
        ]
    },
    "ssim": {
        "sample": [
            [
                0.809227466583252,
                0.27543365955352783,
                0.3094732165336609,
                0.8065767288208008
            ],
            [
                0.7626749277114868,
                0.6908600330352783,
                0.7939401865005493,
                0.7865838408470154
            ],
            [
                0.8106138706207275,
                0.8057772517204285,
                0.813255786895752,
                0.8124921321868896
            ],
            [
                0.8324353098869324,
                0.8327172994613647,
                0.8346339464187622,
                0.8356297016143799
            ],
            [
                0.803184986114502,
                0.806769073009491,
                0.804886519908905,
                0.8069495558738708
            ],
            [
                0.8146972060203552,
                0.32636988162994385,
                0.5219013094902039,
                0.8161730170249939
            ],
            [
                0.30311816930770874,
                0.8355115652084351,
                0.8322815895080566,
                0.8340339660644531
            ],
            [
                0.19031137228012085,
                0.15313147008419037,
                0.15499332547187805,
                0.7820402979850769
            ],
            [
                0.7963700294494629,
                0.7977067828178406,
                0.7940206527709961,
                0.7959725260734558
            ],
            [
                0.852192759513855,
                0.8559974431991577,
                0.8528809547424316,
                0.8495685458183289
            ]
        ],
        "mean": [
            0.5501777529716492,
            0.7585147619247437,
            0.8105347752571106,
            0.8338540196418762,
            0.8054475784301758,
            0.6197853684425354,
            0.7012363076210022,
            0.32011911273002625,
            0.7960175275802612,
            0.8526599407196045
        ],
        "std": [
            0.29792067408561707,
            0.04703650251030922,
            0.003360311035066843,
            0.0015347427688539028,
            0.0017735252622514963,
            0.23960570991039276,
            0.26541537046432495,
            0.30842211842536926,
            0.0015239613130688667,
            0.002643390791490674
        ],
        "max": [
            0.809227466583252,
            0.7939401865005493,
            0.813255786895752,
            0.8356297016143799,
            0.8069495558738708,
            0.8161730170249939,
            0.8355115652084351,
            0.7820402979850769,
            0.7977067828178406,
            0.8559974431991577
        ],
        "min": [
            0.27543365955352783,
            0.6908600330352783,
            0.8057772517204285,
            0.8324353098869324,
            0.803184986114502,
            0.32636988162994385,
            0.30311816930770874,
            0.15313147008419037,
            0.7940206527709961,
            0.8495685458183289
        ]
    },